{
	"credit": "Made with Blockbench",
	"textures": {
		"0": "~/cit/texture/file",
		"2": "~/cit/texture/overlay/unknown",
		"particle": "~/cit/texture/file"
	},
	"elements": [
		{
			"name": "file_0",
			"from": [4, 2, 7],
			"to": [10, 14, 8],
			"faces": {
				"north": {"uv": [10, 2, 4, 14], "texture": "#0"},
				"east": {"uv": [9, 2, 10, 14], "texture": "#0"},
				"south": {"uv": [4, 2, 10, 14], "texture": "#0"},
				"west": {"uv": [4, 2, 5, 14], "texture": "#0"},
				"up": {"uv": [4, 2, 10, 3], "texture": "#0"},
				"down": {"uv": [4, 13, 10, 14], "texture": "#0"}
			}
		},
		{
			"name": "file_1",
			"from": [10, 2, 7],
			"to": [11, 13, 8],
			"faces": {
				"north": {"uv": [11, 3, 10, 14], "texture": "#0"},
				"east": {"uv": [10, 3, 11, 14], "texture": "#0"},
				"south": {"uv": [10, 3, 11, 14], "texture": "#0"},
				"west": {"uv": [10, 3, 11, 14], "texture": "#0"},
				"up": {"uv": [10, 3, 11, 4], "texture": "#0"},
				"down": {"uv": [10, 13, 11, 14], "texture": "#0"}
			}
		},
		{
			"name": "file_2",
			"from": [11, 2, 7],
			"to": [12, 12, 8],
			"faces": {
				"north": {"uv": [12, 4, 11, 14], "texture": "#0"},
				"east": {"uv": [11, 4, 12, 14], "texture": "#0"},
				"south": {"uv": [11, 4, 12, 14], "texture": "#0"},
				"west": {"uv": [11, 4, 12, 14], "texture": "#0"},
				"up": {"uv": [11, 4, 12, 5], "texture": "#0"},
				"down": {"uv": [11, 13, 12, 14], "texture": "#0"}
			}
		},
		{
			"name": "file_3",
			"from": [12, 2, 7],
			"to": [13, 11, 8],
			"faces": {
				"north": {"uv": [13, 5, 12, 14], "texture": "#0"},
				"east": {"uv": [12, 5, 13, 14], "texture": "#0"},
				"south": {"uv": [12, 5, 13, 14], "texture": "#0"},
				"west": {"uv": [12, 5, 13, 14], "texture": "#0"},
				"up": {"uv": [12, 5, 13, 6], "texture": "#0"},
				"down": {"uv": [12, 13, 13, 14], "texture": "#0"}
			}
		},
		{
			"name": "unknown_0",
			"from": [11, 0, 7.1],
			"to": [14, 10, 8.1],
			"faces": {
				"north": {"uv": [14, 6, 11, 16], "texture": "#2"},
				"east": {"uv": [13, 6, 14, 16], "texture": "#2"},
				"south": {"uv": [11, 6, 14, 16], "texture": "#2"},
				"west": {"uv": [11, 6, 12, 16], "texture": "#2"},
				"up": {"uv": [11, 6, 14, 7], "texture": "#2"},
				"down": {"uv": [11, 15, 14, 16], "texture": "#2"}
			}
		},
		{
			"name": "unknown_1",
			"from": [10, 4, 7.1],
			"to": [11, 9, 8.1],
			"faces": {
				"north": {"uv": [11, 7, 10, 12], "texture": "#2"},
				"east": {"uv": [10, 7, 11, 12], "texture": "#2"},
				"south": {"uv": [10, 7, 11, 12], "texture": "#2"},
				"west": {"uv": [10, 7, 11, 12], "texture": "#2"},
				"up": {"uv": [10, 7, 11, 8], "texture": "#2"},
				"down": {"uv": [10, 11, 11, 12], "texture": "#2"}
			}
		},
		{
			"name": "unknown_2",
			"from": [14, 0, 7.1],
			"to": [15, 9, 8.1],
			"faces": {
				"north": {"uv": [15, 7, 14, 16], "texture": "#2"},
				"east": {"uv": [14, 7, 15, 16], "texture": "#2"},
				"south": {"uv": [14, 7, 15, 16], "texture": "#2"},
				"west": {"uv": [14, 7, 15, 16], "texture": "#2"},
				"up": {"uv": [14, 7, 15, 8], "texture": "#2"},
				"down": {"uv": [14, 15, 15, 16], "texture": "#2"}
			}
		},
		{
			"name": "unknown_3",
			"from": [9, 4, 7.1],
			"to": [10, 8, 8.1],
			"faces": {
				"north": {"uv": [10, 8, 9, 12], "texture": "#2"},
				"east": {"uv": [9, 8, 10, 12], "texture": "#2"},
				"south": {"uv": [9, 8, 10, 12], "texture": "#2"},
				"west": {"uv": [9, 8, 10, 12], "texture": "#2"},
				"up": {"uv": [9, 8, 10, 9], "texture": "#2"},
				"down": {"uv": [9, 11, 10, 12], "texture": "#2"}
			}
		},
		{
			"name": "unknown_4",
			"from": [15, 5, 7.1],
			"to": [16, 8, 8.1],
			"faces": {
				"north": {"uv": [16, 8, 15, 11], "texture": "#2"},
				"east": {"uv": [15, 8, 16, 11], "texture": "#2"},
				"south": {"uv": [15, 8, 16, 11], "texture": "#2"},
				"west": {"uv": [15, 8, 16, 11], "texture": "#2"},
				"up": {"uv": [15, 8, 16, 9], "texture": "#2"},
				"down": {"uv": [15, 10, 16, 11], "texture": "#2"}
			}
		}
	],
	"gui_light": "front",
	"display": {
		"thirdperson_righthand": {
			"translation": [0, 3, 1],
			"scale": [0.55, 0.55, 0.55]
		},
		"thirdperson_lefthand": {
			"translation": [0, 3, 1],
			"scale": [0.55, 0.55, 0.55]
		},
		"firstperson_righthand": {
			"rotation": [0, -90, 25],
			"translation": [1.13, 3.2, 1.13],
			"scale": [0.68, 0.68, 0.68]
		},
		"firstperson_lefthand": {
			"rotation": [0, -90, 25],
			"translation": [1.13, 3.2, 1.13],
			"scale": [0.68, 0.68, 0.68]
		},
		"ground": {
			"translation": [0, 2, 0],
			"scale": [0.5, 0.5, 0.5]
		},
		"head": {
			"rotation": [0, 180, 0],
			"translation": [0, 13, 7]
		},
		"fixed": {
			"rotation": [0, 180, 0]
		}
	},
	"groups": [
		{
			"name": "file",
			"origin": [8, 8, 8],
			"color": 0,
			"children": [0, 1, 2, 3]
		},
		{
			"name": "unknown",
			"origin": [8, 8, 8],
			"color": 0,
			"children": [4, 5, 6, 7, 8]
		}
	]
}