{
	"credit": "Made with Blockbench",
	"textures": {
		"0": "~/cit/texture/file",
		"1": "~/cit/texture/overlay/check",
		"particle": "~/cit/texture/file"
	},
	"elements": [
		{
			"name": "file_0",
			"from": [4, 2, 7],
			"to": [10, 14, 8],
			"faces": {
				"north": {"uv": [10, 2, 4, 14], "texture": "#0"},
				"east": {"uv": [9, 2, 10, 14], "texture": "#0"},
				"south": {"uv": [4, 2, 10, 14], "texture": "#0"},
				"west": {"uv": [4, 2, 5, 14], "texture": "#0"},
				"up": {"uv": [4, 2, 10, 3], "texture": "#0"},
				"down": {"uv": [4, 13, 10, 14], "texture": "#0"}
			}
		},
		{
			"name": "file_1",
			"from": [10, 2, 7],
			"to": [11, 13, 8],
			"faces": {
				"north": {"uv": [11, 3, 10, 14], "texture": "#0"},
				"east": {"uv": [10, 3, 11, 14], "texture": "#0"},
				"south": {"uv": [10, 3, 11, 14], "texture": "#0"},
				"west": {"uv": [10, 3, 11, 14], "texture": "#0"},
				"up": {"uv": [10, 3, 11, 4], "texture": "#0"},
				"down": {"uv": [10, 13, 11, 14], "texture": "#0"}
			}
		},
		{
			"name": "file_2",
			"from": [11, 2, 7],
			"to": [12, 12, 8],
			"faces": {
				"north": {"uv": [12, 4, 11, 14], "texture": "#0"},
				"east": {"uv": [11, 4, 12, 14], "texture": "#0"},
				"south": {"uv": [11, 4, 12, 14], "texture": "#0"},
				"west": {"uv": [11, 4, 12, 14], "texture": "#0"},
				"up": {"uv": [11, 4, 12, 5], "texture": "#0"},
				"down": {"uv": [11, 13, 12, 14], "texture": "#0"}
			}
		},
		{
			"name": "file_3",
			"from": [12, 2, 7],
			"to": [13, 11, 8],
			"faces": {
				"north": {"uv": [13, 5, 12, 14], "texture": "#0"},
				"east": {"uv": [12, 5, 13, 14], "texture": "#0"},
				"south": {"uv": [12, 5, 13, 14], "texture": "#0"},
				"west": {"uv": [12, 5, 13, 14], "texture": "#0"},
				"up": {"uv": [12, 5, 13, 6], "texture": "#0"},
				"down": {"uv": [12, 13, 13, 14], "texture": "#0"}
			}
		},
		{
			"name": "check_0",
			"from": [14, 3, 7.1],
			"to": [16, 7, 8.1],
			"faces": {
				"north": {"uv": [16, 9, 14, 13], "texture": "#1"},
				"east": {"uv": [15, 9, 16, 13], "texture": "#1"},
				"south": {"uv": [14, 9, 16, 13], "texture": "#1"},
				"west": {"uv": [14, 9, 15, 13], "texture": "#1"},
				"up": {"uv": [14, 9, 16, 10], "texture": "#1"},
				"down": {"uv": [14, 12, 16, 13], "texture": "#1"}
			}
		},
		{
			"name": "check_1",
			"from": [10, 2, 7.1],
			"to": [12, 6, 8.1],
			"faces": {
				"north": {"uv": [12, 10, 10, 14], "texture": "#1"},
				"east": {"uv": [11, 10, 12, 14], "texture": "#1"},
				"south": {"uv": [10, 10, 12, 14], "texture": "#1"},
				"west": {"uv": [10, 10, 11, 14], "texture": "#1"},
				"up": {"uv": [10, 10, 12, 11], "texture": "#1"},
				"down": {"uv": [10, 13, 12, 14], "texture": "#1"}
			}
		},
		{
			"name": "check_2",
			"from": [13, 1, 7.1],
			"to": [14, 6, 8.1],
			"faces": {
				"north": {"uv": [14, 10, 13, 15], "texture": "#1"},
				"east": {"uv": [13, 10, 14, 15], "texture": "#1"},
				"south": {"uv": [13, 10, 14, 15], "texture": "#1"},
				"west": {"uv": [13, 10, 14, 15], "texture": "#1"},
				"up": {"uv": [13, 10, 14, 11], "texture": "#1"},
				"down": {"uv": [13, 14, 14, 15], "texture": "#1"}
			}
		},
		{
			"name": "check_3",
			"from": [12, 0, 7.1],
			"to": [13, 5, 8.1],
			"faces": {
				"north": {"uv": [13, 11, 12, 16], "texture": "#1"},
				"east": {"uv": [12, 11, 13, 16], "texture": "#1"},
				"south": {"uv": [12, 11, 13, 16], "texture": "#1"},
				"west": {"uv": [12, 11, 13, 16], "texture": "#1"},
				"up": {"uv": [12, 11, 13, 12], "texture": "#1"},
				"down": {"uv": [12, 15, 13, 16], "texture": "#1"}
			}
		},
		{
			"name": "check_4",
			"from": [14, 2, 7.1],
			"to": [15, 3, 8.1],
			"faces": {
				"north": {"uv": [15, 13, 14, 14], "texture": "#1"},
				"east": {"uv": [14, 13, 15, 14], "texture": "#1"},
				"south": {"uv": [14, 13, 15, 14], "texture": "#1"},
				"west": {"uv": [14, 13, 15, 14], "texture": "#1"},
				"up": {"uv": [14, 13, 15, 14], "texture": "#1"},
				"down": {"uv": [14, 13, 15, 14], "texture": "#1"}
			}
		},
		{
			"name": "check_5",
			"from": [11, 1, 7.1],
			"to": [12, 2, 8.1],
			"faces": {
				"north": {"uv": [12, 14, 11, 15], "texture": "#1"},
				"east": {"uv": [11, 14, 12, 15], "texture": "#1"},
				"south": {"uv": [11, 14, 12, 15], "texture": "#1"},
				"west": {"uv": [11, 14, 12, 15], "texture": "#1"},
				"up": {"uv": [11, 14, 12, 15], "texture": "#1"},
				"down": {"uv": [11, 14, 12, 15], "texture": "#1"}
			}
		}
	],
	"gui_light": "front",
	"display": {
		"thirdperson_righthand": {
			"translation": [0, 3, 1],
			"scale": [0.55, 0.55, 0.55]
		},
		"thirdperson_lefthand": {
			"translation": [0, 3, 1],
			"scale": [0.55, 0.55, 0.55]
		},
		"firstperson_righthand": {
			"rotation": [0, -90, 25],
			"translation": [1.13, 3.2, 1.13],
			"scale": [0.68, 0.68, 0.68]
		},
		"firstperson_lefthand": {
			"rotation": [0, -90, 25],
			"translation": [1.13, 3.2, 1.13],
			"scale": [0.68, 0.68, 0.68]
		},
		"ground": {
			"translation": [0, 2, 0],
			"scale": [0.5, 0.5, 0.5]
		},
		"head": {
			"rotation": [0, 180, 0],
			"translation": [0, 13, 7]
		},
		"fixed": {
			"rotation": [0, 180, 0]
		}
	},
	"groups": [
		{
			"name": "file",
			"origin": [8, 8, 8],
			"color": 0,
			"children": [0, 1, 2, 3]
		},
		{
			"name": "check",
			"origin": [8, 8, 8],
			"color": 0,
			"children": [4, 5, 6, 7, 8, 9]
		}
	]
}