{
	"credit": "Made with Blockbench",
	"textures": {
		"0": "~/cit/texture/same_meta",
		"particle": "~/cit/texture/same_meta"
	},
	"elements": [
		{
			"name": "same_meta_0",
			"from": [3, 8, 7],
			"to": [7, 15, 8],
			"faces": {
				"north": {"uv": [7, 1, 3, 8], "texture": "#0"},
				"east": {"uv": [6, 1, 7, 8], "texture": "#0"},
				"south": {"uv": [3, 1, 7, 8], "texture": "#0"},
				"west": {"uv": [3, 1, 4, 8], "texture": "#0"},
				"up": {"uv": [3, 1, 7, 2], "texture": "#0"},
				"down": {"uv": [3, 7, 7, 8], "texture": "#0"}
			}
		},
		{
			"name": "same_meta_1",
			"from": [2, 11, 7],
			"to": [3, 14, 8],
			"faces": {
				"north": {"uv": [3, 2, 2, 5], "texture": "#0"},
				"east": {"uv": [2, 2, 3, 5], "texture": "#0"},
				"south": {"uv": [2, 2, 3, 5], "texture": "#0"},
				"west": {"uv": [2, 2, 3, 5], "texture": "#0"},
				"up": {"uv": [2, 2, 3, 3], "texture": "#0"},
				"down": {"uv": [2, 4, 3, 5], "texture": "#0"}
			}
		},
		{
			"name": "same_meta_2",
			"from": [7, 1, 7],
			"to": [8, 14, 8],
			"faces": {
				"north": {"uv": [8, 2, 7, 15], "texture": "#0"},
				"east": {"uv": [7, 2, 8, 15], "texture": "#0"},
				"south": {"uv": [7, 2, 8, 15], "texture": "#0"},
				"west": {"uv": [7, 2, 8, 15], "texture": "#0"},
				"up": {"uv": [7, 2, 8, 3], "texture": "#0"},
				"down": {"uv": [7, 14, 8, 15], "texture": "#0"}
			}
		},
		{
			"name": "same_meta_3",
			"from": [8, 1, 7],
			"to": [15, 13, 8],
			"faces": {
				"north": {"uv": [15, 3, 8, 15], "texture": "#0"},
				"east": {"uv": [14, 3, 15, 15], "texture": "#0"},
				"south": {"uv": [8, 3, 15, 15], "texture": "#0"},
				"west": {"uv": [8, 3, 9, 15], "texture": "#0"},
				"up": {"uv": [8, 3, 15, 4], "texture": "#0"},
				"down": {"uv": [8, 14, 15, 15], "texture": "#0"}
			}
		},
		{
			"name": "same_meta_4",
			"from": [2, 6, 7],
			"to": [3, 10, 8],
			"faces": {
				"north": {"uv": [3, 6, 2, 10], "texture": "#0"},
				"east": {"uv": [2, 6, 3, 10], "texture": "#0"},
				"south": {"uv": [2, 6, 3, 10], "texture": "#0"},
				"west": {"uv": [2, 6, 3, 10], "texture": "#0"},
				"up": {"uv": [2, 6, 3, 7], "texture": "#0"},
				"down": {"uv": [2, 9, 3, 10], "texture": "#0"}
			}
		},
		{
			"name": "same_meta_5",
			"from": [1, 6, 7],
			"to": [2, 9, 8],
			"faces": {
				"north": {"uv": [2, 7, 1, 10], "texture": "#0"},
				"east": {"uv": [1, 7, 2, 10], "texture": "#0"},
				"south": {"uv": [1, 7, 2, 10], "texture": "#0"},
				"west": {"uv": [1, 7, 2, 10], "texture": "#0"},
				"up": {"uv": [1, 7, 2, 8], "texture": "#0"},
				"down": {"uv": [1, 9, 2, 10], "texture": "#0"}
			}
		},
		{
			"name": "same_meta_6",
			"from": [3, 7, 7],
			"to": [4, 8, 8],
			"faces": {
				"north": {"uv": [4, 8, 3, 9], "texture": "#0"},
				"east": {"uv": [3, 8, 4, 9], "texture": "#0"},
				"south": {"uv": [3, 8, 4, 9], "texture": "#0"},
				"west": {"uv": [3, 8, 4, 9], "texture": "#0"},
				"up": {"uv": [3, 8, 4, 9], "texture": "#0"},
				"down": {"uv": [3, 8, 4, 9], "texture": "#0"}
			}
		},
		{
			"name": "same_meta_7",
			"from": [5, 1, 7],
			"to": [7, 8, 8],
			"faces": {
				"north": {"uv": [7, 8, 5, 15], "texture": "#0"},
				"east": {"uv": [6, 8, 7, 15], "texture": "#0"},
				"south": {"uv": [5, 8, 7, 15], "texture": "#0"},
				"west": {"uv": [5, 8, 6, 15], "texture": "#0"},
				"up": {"uv": [5, 8, 7, 9], "texture": "#0"},
				"down": {"uv": [5, 14, 7, 15], "texture": "#0"}
			}
		}
	],
	"gui_light": "front",
	"display": {
		"thirdperson_righthand": {
			"translation": [0, 3, 1],
			"scale": [0.55, 0.55, 0.55]
		},
		"thirdperson_lefthand": {
			"translation": [0, 3, 1],
			"scale": [0.55, 0.55, 0.55]
		},
		"firstperson_righthand": {
			"rotation": [0, -90, 25],
			"translation": [1.13, 3.2, 1.13],
			"scale": [0.68, 0.68, 0.68]
		},
		"firstperson_lefthand": {
			"rotation": [0, -90, 25],
			"translation": [1.13, 3.2, 1.13],
			"scale": [0.68, 0.68, 0.68]
		},
		"ground": {
			"translation": [0, 2, 0],
			"scale": [0.5, 0.5, 0.5]
		},
		"head": {
			"rotation": [0, 180, 0],
			"translation": [0, 13, 7]
		},
		"fixed": {
			"rotation": [0, 180, 0]
		}
	},
	"groups": [
		{
			"name": "same_meta",
			"origin": [8, 8, 8],
			"color": 0,
			"children": [0, 1, 2, 3, 4, 5, 6, 7]
		}
	]
}