{
	"credit": "Made with Blockbench",
	"textures": {
		"0": "~/cit/texture/region.png",
		"particle": "~/cit/texture/region.png"
	},
	"elements": [
		{
			"name": "region_0",
			"from": [2, 9.5, 7.5],
			"to": [7, 13.5, 8.5],
			"rotation": {"angle": 0, "axis": "x", "origin": [8, 0.5, 8]},
			"faces": {
				"north": {"uv": [2, 6, 7, 2], "rotation": 180, "texture": "#0"},
				"east": {"uv": [6, 2, 7, 6], "texture": "#0"},
				"south": {"uv": [2, 2, 7, 6], "texture": "#0"},
				"west": {"uv": [2, 2, 3, 6], "texture": "#0"},
				"up": {"uv": [7, 2, 2, 3], "rotation": 180, "texture": "#0"},
				"down": {"uv": [2, 5, 7, 6], "texture": "#0"}
			}
		},
		{
			"name": "region_1",
			"from": [9, 9.5, 7.5],
			"to": [14, 13.5, 8.5],
			"rotation": {"angle": 0, "axis": "x", "origin": [8, 0.5, 8]},
			"faces": {
				"north": {"uv": [9, 6, 14, 2], "rotation": 180, "texture": "#0"},
				"east": {"uv": [13, 2, 14, 6], "texture": "#0"},
				"south": {"uv": [9, 2, 14, 6], "texture": "#0"},
				"west": {"uv": [9, 2, 10, 6], "texture": "#0"},
				"up": {"uv": [14, 2, 9, 3], "rotation": 180, "texture": "#0"},
				"down": {"uv": [9, 5, 14, 6], "texture": "#0"}
			}
		},
		{
			"name": "region_2",
			"from": [2, 8.5, 7.5],
			"to": [6, 9.5, 8.5],
			"rotation": {"angle": 0, "axis": "x", "origin": [8, 0.5, 8]},
			"faces": {
				"north": {"uv": [2, 7, 6, 6], "rotation": 180, "texture": "#0"},
				"east": {"uv": [5, 6, 6, 7], "texture": "#0"},
				"south": {"uv": [2, 6, 6, 7], "texture": "#0"},
				"west": {"uv": [2, 6, 3, 7], "texture": "#0"},
				"up": {"uv": [6, 6, 2, 7], "rotation": 180, "texture": "#0"},
				"down": {"uv": [2, 6, 6, 7], "texture": "#0"}
			}
		},
		{
			"name": "region_3",
			"from": [10, 8.5, 7.5],
			"to": [14, 9.5, 8.5],
			"rotation": {"angle": 0, "axis": "x", "origin": [8, 0.5, 8]},
			"faces": {
				"north": {"uv": [10, 7, 14, 6], "rotation": 180, "texture": "#0"},
				"east": {"uv": [13, 6, 14, 7], "texture": "#0"},
				"south": {"uv": [10, 6, 14, 7], "texture": "#0"},
				"west": {"uv": [10, 6, 11, 7], "texture": "#0"},
				"up": {"uv": [14, 6, 10, 7], "rotation": 180, "texture": "#0"},
				"down": {"uv": [10, 6, 14, 7], "texture": "#0"}
			}
		},
		{
			"name": "region_4",
			"from": [2, 1.5, 7.5],
			"to": [6, 6.5, 8.5],
			"rotation": {"angle": 0, "axis": "x", "origin": [8, 0.5, 8]},
			"faces": {
				"north": {"uv": [2, 14, 6, 9], "rotation": 180, "texture": "#0"},
				"east": {"uv": [5, 9, 6, 14], "texture": "#0"},
				"south": {"uv": [2, 9, 6, 14], "texture": "#0"},
				"west": {"uv": [2, 9, 3, 14], "texture": "#0"},
				"up": {"uv": [6, 9, 2, 10], "rotation": 180, "texture": "#0"},
				"down": {"uv": [2, 13, 6, 14], "texture": "#0"}
			}
		},
		{
			"name": "region_5",
			"from": [10, 1.5, 7.5],
			"to": [14, 6.5, 8.5],
			"rotation": {"angle": 0, "axis": "x", "origin": [8, 0.5, 8]},
			"faces": {
				"north": {"uv": [10, 14, 14, 9], "rotation": 180, "texture": "#0"},
				"east": {"uv": [13, 9, 14, 14], "texture": "#0"},
				"south": {"uv": [10, 9, 14, 14], "texture": "#0"},
				"west": {"uv": [10, 9, 11, 14], "texture": "#0"},
				"up": {"uv": [14, 9, 10, 10], "rotation": 180, "texture": "#0"},
				"down": {"uv": [10, 13, 14, 14], "texture": "#0"}
			}
		},
		{
			"name": "region_6",
			"from": [6, 1.5, 7.5],
			"to": [7, 5.5, 8.5],
			"rotation": {"angle": 0, "axis": "x", "origin": [8, 0.5, 8]},
			"faces": {
				"north": {"uv": [6, 14, 7, 10], "rotation": 180, "texture": "#0"},
				"east": {"uv": [6, 10, 7, 14], "texture": "#0"},
				"south": {"uv": [6, 10, 7, 14], "texture": "#0"},
				"west": {"uv": [6, 10, 7, 14], "texture": "#0"},
				"up": {"uv": [7, 10, 6, 11], "rotation": 180, "texture": "#0"},
				"down": {"uv": [6, 13, 7, 14], "texture": "#0"}
			}
		},
		{
			"name": "region_7",
			"from": [9, 1.5, 7.5],
			"to": [10, 5.5, 8.5],
			"rotation": {"angle": 0, "axis": "x", "origin": [8, 0.5, 8]},
			"faces": {
				"north": {"uv": [9, 14, 10, 10], "rotation": 180, "texture": "#0"},
				"east": {"uv": [9, 10, 10, 14], "texture": "#0"},
				"south": {"uv": [9, 10, 10, 14], "texture": "#0"},
				"west": {"uv": [9, 10, 10, 14], "texture": "#0"},
				"up": {"uv": [10, 10, 9, 11], "rotation": 180, "texture": "#0"},
				"down": {"uv": [9, 13, 10, 14], "texture": "#0"}
			}
		}
	],
	"gui_light": "front",
	"display": {
		"thirdperson_righthand": {
			"translation": [0, 3, 1],
			"scale": [0.55, 0.55, 0.55]
		},
		"thirdperson_lefthand": {
			"translation": [0, 3, 1],
			"scale": [0.55, 0.55, 0.55]
		},
		"firstperson_righthand": {
			"rotation": [0, -90, 25],
			"translation": [1.13, 3.2, 1.13],
			"scale": [0.68, 0.68, 0.68]
		},
		"firstperson_lefthand": {
			"rotation": [0, -90, 25],
			"translation": [1.13, 3.2, 1.13],
			"scale": [0.68, 0.68, 0.68]
		},
		"ground": {
			"translation": [0, 2, 0],
			"scale": [0.5, 0.5, 0.5]
		},
		"gui": {
			"translation": [0, 0.5, 0]
		},
		"head": {
			"rotation": [0, 180, 0],
			"translation": [0, 13, 7]
		},
		"fixed": {
			"rotation": [0, 180, 0],
			"translation": [0, 0.5, 0]
		}
	},
	"groups": [
		{
			"name": "region",
			"origin": [8, 8, 8],
			"color": 0,
			"children": [0, 1, 2, 3, 4, 5, 6, 7]
		}
	]
}