{
	"parent": "minecraft:block/orientable",
	"textures": {
		"front": "block/dropper_front_vertical",
		"side": "block/dropper_side_vertical",
		"back": "block/dropper_back_vertical",
		"particle": "block/furnace_top"
	},
	"elements": [
		{
			"from": [0, 0, 0],
			"to": [16, 16, 16],
			"faces": {
				"north": {"uv": [0, 0, 16, 16], "texture": "#side"},
				"east": {"uv": [16, 0, 0, 16], "texture": "#side"},
				"south": {"uv": [0, 0, 16, 16], "texture": "#side"},
				"west": {"uv": [0, 0, 16, 16], "texture": "#side"},
				"up": {"uv": [0, 16, 16, 0],"rotation": 180, "texture": "#front"},
				"down": {"uv": [16, 16, 0, 0], "texture": "#back"}
			}
		}
	]
}