{
	"credit": "Made with Blockbench",
	"ambientocclusion": false,
	"textures": {
		"1": "block/redstone_cable0",
		"overlay": "block/redstone_dust_overlay",
		"particle": "block/redstone_cable0"
	},
	"elements": [
		{
			"from": [6.75, 0, 0],
			"to": [9.25, 1.25, 8],
			"shade": false,
			"rotation": {"angle": 0, "axis": "y", "origin": [14.5, 8, 8]},
			"faces": {
				"north": {"uv": [12, 0, 16, 2], "texture": "#1", "tintindex": 0},
				"east": {"uv": [4, 0, 6, 16], "rotation": 90, "texture": "#1", "tintindex": 0},
				"south": {"uv": [12, 0, 16, 2], "texture": "#1", "tintindex": 0},
				"west": {"uv": [10, 0, 12, 16], "rotation": 90, "texture": "#1", "tintindex": 0},
				"up": {"uv": [6, 0, 10, 16], "texture": "#1", "tintindex": 0},
				"down": {"uv": [0, 0, 4, 16], "texture": "#1", "tintindex": 0}
			}
		},
		{
			"from": [0, 1, 0],
			"to": [16, 1, 8],
			"shade": false,
			"faces": {
				"up": {"uv": [0, 0, 16, 8], "texture": "#overlay"},
				"down": {"uv": [0, 8, 16, 0], "texture": "#overlay"}
			}
		}
	]
}