{
	"credit": "Made with Blockbench",
	"ambientocclusion": false,
	"textures": {
		"1": "block/redstone_cable1",
		"particle": "block/redstone_cable1",
		"overlay": "block/redstone_dust_overlay"
	},
	"elements": [
		{
			"from": [0, 0, 6.75],
			"to": [6.75, 1.25, 9.25],
			"shade": false,
			"rotation": {"angle": 0, "axis": "y", "origin": [3.5, 0.8125, 8]},
			"faces": {
				"north": {"uv": [4, 0, 6, 16], "rotation": 90, "texture": "#1", "tintindex": 0},
				"east": {"uv": [12, 0, 16, 2], "texture": "#1", "tintindex": 0},
				"south": {"uv": [10, 0, 12, 16], "rotation": 90, "texture": "#1", "tintindex": 0},
				"west": {"uv": [12, 0, 16, 2], "texture": "#1", "tintindex": 0},
				"up": {"uv": [6, 0, 10, 16], "rotation": 270, "texture": "#1", "tintindex": 0},
				"down": {"uv": [0, 0, 4, 16], "rotation": 90, "texture": "#1", "tintindex": 0}
			}
		},
		{
			"from": [6.75, 0, 6.75],
			"to": [9.25, 1.25, 9.25],
			"shade": false,
			"rotation": {"angle": 0, "axis": "y", "origin": [6.25, 0.8125, 8]},
			"faces": {
				"north": {"uv": [2, 1, 4, 5], "rotation": 90, "texture": "#1", "tintindex": 0},
				"east": {"uv": [0, 4, 4, 6], "texture": "#1", "tintindex": 0},
				"south": {"uv": [10, 0, 12, 16], "rotation": 90, "texture": "#1", "tintindex": 0},
				"west": {"uv": [12, 0, 16, 2], "texture": "#1", "tintindex": 0},
				"up": {"uv": [12, 6, 16, 10], "texture": "#1", "tintindex": 0},
				"down": {"uv": [1, 7, 5, 11], "rotation": 90, "texture": "#1", "tintindex": 0}
			}
		},
		{
			"from": [6.75, 0, 9.25],
			"to": [9.25, 1.25, 16],
			"shade": false,
			"rotation": {"angle": 0, "axis": "y", "origin": [8, 0.8125, 12.5]},
			"faces": {
				"north": {"uv": [12, 0, 16, 2], "texture": "#1", "tintindex": 0},
				"east": {"uv": [10, 0, 12, 16], "rotation": 90, "texture": "#1", "tintindex": 0},
				"south": {"uv": [12, 0, 16, 2], "texture": "#1", "tintindex": 0},
				"west": {"uv": [4, 0, 6, 16], "rotation": 90, "texture": "#1", "tintindex": 0},
				"up": {"uv": [6, 0, 10, 16], "rotation": 180, "texture": "#1", "tintindex": 0},
				"down": {"uv": [0, 0, 4, 16], "rotation": 180, "texture": "#1", "tintindex": 0}
			}
		},
		{
			"from": [0, 1, 0],
			"to": [16, 1, 16],
			"shade": false,
			"rotation": {"angle": 0, "axis": "y", "origin": [3.5, 0.8125, 8]},
			"faces": {
				"up": {"uv": [0, 0, 16, 8], "rotation": 270, "texture": "#overlay"},
				"down": {"uv": [0, 8, 16, 0], "rotation": 90, "texture": "#overlay"}
			}
		}
	]
}