{
	"credit": "Made with Blockbench",
	"textures": {
		"0": "~/cit/texture/potion",
		"particle": "~/cit/texture/potion"
	},
	"elements": [
		{
			"name": "potion_0",
			"from": [5, 11, 8],
			"to": [11, 13, 9],
			"faces": {
				"north": {"uv": [5, 5, 11, 3], "rotation": 180, "texture": "#0"},
				"east": {"uv": [10, 3, 11, 5], "texture": "#0"},
				"south": {"uv": [5, 3, 11, 5], "texture": "#0"},
				"west": {"uv": [5, 3, 6, 5], "texture": "#0"},
				"up": {"uv": [11, 3, 5, 4], "rotation": 180, "texture": "#0"},
				"down": {"uv": [5, 4, 11, 5], "texture": "#0"}
			}
		},
		{
			"name": "potion_1",
			"from": [6, 8, 8],
			"to": [7, 11, 9],
			"faces": {
				"north": {"uv": [6, 8, 7, 5], "rotation": 180, "texture": "#0"},
				"east": {"uv": [6, 5, 7, 8], "texture": "#0"},
				"south": {"uv": [6, 5, 7, 8], "texture": "#0"},
				"west": {"uv": [6, 5, 7, 8], "texture": "#0"},
				"up": {"uv": [7, 5, 6, 6], "rotation": 180, "texture": "#0"},
				"down": {"uv": [6, 7, 7, 8], "texture": "#0"}
			}
		},
		{
			"name": "potion_2",
			"from": [9, 8, 8],
			"to": [10, 11, 9],
			"faces": {
				"north": {"uv": [9, 8, 10, 5], "rotation": 180, "texture": "#0"},
				"east": {"uv": [9, 5, 10, 8], "texture": "#0"},
				"south": {"uv": [9, 5, 10, 8], "texture": "#0"},
				"west": {"uv": [9, 5, 10, 8], "texture": "#0"},
				"up": {"uv": [10, 5, 9, 6], "rotation": 180, "texture": "#0"},
				"down": {"uv": [9, 7, 10, 8], "texture": "#0"}
			}
		},
		{
			"name": "potion_3",
			"from": [5, 3, 8],
			"to": [6, 9, 9],
			"faces": {
				"north": {"uv": [5, 13, 6, 7], "rotation": 180, "texture": "#0"},
				"east": {"uv": [5, 7, 6, 13], "texture": "#0"},
				"south": {"uv": [5, 7, 6, 13], "texture": "#0"},
				"west": {"uv": [5, 7, 6, 13], "texture": "#0"},
				"up": {"uv": [6, 7, 5, 8], "rotation": 180, "texture": "#0"},
				"down": {"uv": [5, 12, 6, 13], "texture": "#0"}
			}
		},
		{
			"name": "potion_4",
			"from": [10, 3, 8],
			"to": [11, 9, 9],
			"faces": {
				"north": {"uv": [10, 13, 11, 7], "rotation": 180, "texture": "#0"},
				"east": {"uv": [10, 7, 11, 13], "texture": "#0"},
				"south": {"uv": [10, 7, 11, 13], "texture": "#0"},
				"west": {"uv": [10, 7, 11, 13], "texture": "#0"},
				"up": {"uv": [11, 7, 10, 8], "rotation": 180, "texture": "#0"},
				"down": {"uv": [10, 12, 11, 13], "texture": "#0"}
			}
		},
		{
			"name": "potion_5",
			"from": [4, 4, 8],
			"to": [5, 8, 9],
			"faces": {
				"north": {"uv": [4, 12, 5, 8], "rotation": 180, "texture": "#0"},
				"east": {"uv": [4, 8, 5, 12], "texture": "#0"},
				"south": {"uv": [4, 8, 5, 12], "texture": "#0"},
				"west": {"uv": [4, 8, 5, 12], "texture": "#0"},
				"up": {"uv": [5, 8, 4, 9], "rotation": 180, "texture": "#0"},
				"down": {"uv": [4, 11, 5, 12], "texture": "#0"}
			}
		},
		{
			"name": "potion_6",
			"from": [11, 4, 8],
			"to": [12, 8, 9],
			"faces": {
				"north": {"uv": [11, 12, 12, 8], "rotation": 180, "texture": "#0"},
				"east": {"uv": [11, 8, 12, 12], "texture": "#0"},
				"south": {"uv": [11, 8, 12, 12], "texture": "#0"},
				"west": {"uv": [11, 8, 12, 12], "texture": "#0"},
				"up": {"uv": [12, 8, 11, 9], "rotation": 180, "texture": "#0"},
				"down": {"uv": [11, 11, 12, 12], "texture": "#0"}
			}
		},
		{
			"name": "potion_7",
			"from": [6, 2, 8],
			"to": [10, 7, 9],
			"faces": {
				"north": {"uv": [6, 14, 10, 9], "rotation": 180, "texture": "#0"},
				"east": {"uv": [9, 9, 10, 14], "texture": "#0"},
				"south": {"uv": [6, 9, 10, 14], "texture": "#0"},
				"west": {"uv": [6, 9, 7, 14], "texture": "#0"},
				"up": {"uv": [10, 9, 6, 10], "rotation": 180, "texture": "#0"},
				"down": {"uv": [6, 13, 10, 14], "texture": "#0"}
			}
		}
	],
	"gui_light": "front",
	"display": {
		"thirdperson_righthand": {
			"translation": [0, 3, 1],
			"scale": [0.55, 0.55, 0.55]
		},
		"thirdperson_lefthand": {
			"translation": [0, 3, 1],
			"scale": [0.55, 0.55, 0.55]
		},
		"firstperson_righthand": {
			"rotation": [0, -90, 25],
			"translation": [1.13, 3.2, 1.13],
			"scale": [0.68, 0.68, 0.68]
		},
		"firstperson_lefthand": {
			"rotation": [0, -90, 25],
			"translation": [1.13, 3.2, 1.13],
			"scale": [0.68, 0.68, 0.68]
		},
		"ground": {
			"translation": [0, 2, 0],
			"scale": [0.5, 0.5, 0.5]
		},
		"head": {
			"rotation": [0, 180, 0],
			"translation": [0, 13, 7]
		},
		"fixed": {
			"rotation": [0, 180, 0]
		}
	},
	"groups": [
		{
			"name": "potion",
			"origin": [8, 8, 8],
			"color": 0,
			"children": [0, 1, 2, 3, 4, 5, 6, 7]
		}
	]
}