{
	"credit": "Made with Blockbench",
	"textures": {
		"0": "~/cit/texture/house",
		"particle": "~/cit/texture/house"
	},
	"elements": [
		{
			"name": "house_0",
			"from": [7, 1.5, 8.5],
			"to": [9, 13.5, 9.5],
			"rotation": {"angle": 0, "axis": "x", "origin": [8, 0.5, 9]},
			"faces": {
				"north": {"uv": [7, 14, 9, 2], "rotation": 180, "texture": "#0"},
				"east": {"uv": [8, 2, 9, 14], "texture": "#0"},
				"south": {"uv": [7, 2, 9, 14], "texture": "#0"},
				"west": {"uv": [7, 2, 8, 14], "texture": "#0"},
				"up": {"uv": [9, 2, 7, 3], "rotation": 180, "texture": "#0"},
				"down": {"uv": [7, 13, 9, 14], "texture": "#0"}
			}
		},
		{
			"name": "house_1",
			"from": [6, 1.5, 8.5],
			"to": [7, 12.5, 9.5],
			"rotation": {"angle": 0, "axis": "x", "origin": [8, 0.5, 9]},
			"faces": {
				"north": {"uv": [6, 14, 7, 3], "rotation": 180, "texture": "#0"},
				"east": {"uv": [6, 3, 7, 14], "texture": "#0"},
				"south": {"uv": [6, 3, 7, 14], "texture": "#0"},
				"west": {"uv": [6, 3, 7, 14], "texture": "#0"},
				"up": {"uv": [7, 3, 6, 4], "rotation": 180, "texture": "#0"},
				"down": {"uv": [6, 13, 7, 14], "texture": "#0"}
			}
		},
		{
			"name": "house_2",
			"from": [9, 1.5, 8.5],
			"to": [10, 12.5, 9.5],
			"rotation": {"angle": 0, "axis": "x", "origin": [8, 0.5, 9]},
			"faces": {
				"north": {"uv": [9, 14, 10, 3], "rotation": 180, "texture": "#0"},
				"east": {"uv": [9, 3, 10, 14], "texture": "#0"},
				"south": {"uv": [9, 3, 10, 14], "texture": "#0"},
				"west": {"uv": [9, 3, 10, 14], "texture": "#0"},
				"up": {"uv": [10, 3, 9, 4], "rotation": 180, "texture": "#0"},
				"down": {"uv": [9, 13, 10, 14], "texture": "#0"}
			}
		},
		{
			"name": "house_3",
			"from": [5, 1.5, 8.5],
			"to": [6, 11.5, 9.5],
			"rotation": {"angle": 0, "axis": "x", "origin": [8, 0.5, 9]},
			"faces": {
				"north": {"uv": [5, 14, 6, 4], "rotation": 180, "texture": "#0"},
				"east": {"uv": [5, 4, 6, 14], "texture": "#0"},
				"south": {"uv": [5, 4, 6, 14], "texture": "#0"},
				"west": {"uv": [5, 4, 6, 14], "texture": "#0"},
				"up": {"uv": [6, 4, 5, 5], "rotation": 180, "texture": "#0"},
				"down": {"uv": [5, 13, 6, 14], "texture": "#0"}
			}
		},
		{
			"name": "house_4",
			"from": [10, 1.5, 8.5],
			"to": [11, 11.5, 9.5],
			"rotation": {"angle": 0, "axis": "x", "origin": [8, 0.5, 9]},
			"faces": {
				"north": {"uv": [10, 14, 11, 4], "rotation": 180, "texture": "#0"},
				"east": {"uv": [10, 4, 11, 14], "texture": "#0"},
				"south": {"uv": [10, 4, 11, 14], "texture": "#0"},
				"west": {"uv": [10, 4, 11, 14], "texture": "#0"},
				"up": {"uv": [11, 4, 10, 5], "rotation": 180, "texture": "#0"},
				"down": {"uv": [10, 13, 11, 14], "texture": "#0"}
			}
		},
		{
			"name": "house_5",
			"from": [4, 1.5, 8.5],
			"to": [5, 10.5, 9.5],
			"rotation": {"angle": 0, "axis": "x", "origin": [8, 0.5, 9]},
			"faces": {
				"north": {"uv": [4, 14, 5, 5], "rotation": 180, "texture": "#0"},
				"east": {"uv": [4, 5, 5, 14], "texture": "#0"},
				"south": {"uv": [4, 5, 5, 14], "texture": "#0"},
				"west": {"uv": [4, 5, 5, 14], "texture": "#0"},
				"up": {"uv": [5, 5, 4, 6], "rotation": 180, "texture": "#0"},
				"down": {"uv": [4, 13, 5, 14], "texture": "#0"}
			}
		},
		{
			"name": "house_6",
			"from": [11, 1.5, 8.5],
			"to": [12, 10.5, 9.5],
			"rotation": {"angle": 0, "axis": "x", "origin": [8, 0.5, 9]},
			"faces": {
				"north": {"uv": [11, 14, 12, 5], "rotation": 180, "texture": "#0"},
				"east": {"uv": [11, 5, 12, 14], "texture": "#0"},
				"south": {"uv": [11, 5, 12, 14], "texture": "#0"},
				"west": {"uv": [11, 5, 12, 14], "texture": "#0"},
				"up": {"uv": [12, 5, 11, 6], "rotation": 180, "texture": "#0"},
				"down": {"uv": [11, 13, 12, 14], "texture": "#0"}
			}
		},
		{
			"name": "house_7",
			"from": [3, 1.5, 8.5],
			"to": [4, 9.5, 9.5],
			"rotation": {"angle": 0, "axis": "x", "origin": [8, 0.5, 9]},
			"faces": {
				"north": {"uv": [3, 14, 4, 6], "rotation": 180, "texture": "#0"},
				"east": {"uv": [3, 6, 4, 14], "texture": "#0"},
				"south": {"uv": [3, 6, 4, 14], "texture": "#0"},
				"west": {"uv": [3, 6, 4, 14], "texture": "#0"},
				"up": {"uv": [4, 6, 3, 7], "rotation": 180, "texture": "#0"},
				"down": {"uv": [3, 13, 4, 14], "texture": "#0"}
			}
		},
		{
			"name": "house_8",
			"from": [12, 1.5, 8.5],
			"to": [13, 9.5, 9.5],
			"rotation": {"angle": 0, "axis": "x", "origin": [8, 0.5, 9]},
			"faces": {
				"north": {"uv": [12, 14, 13, 6], "rotation": 180, "texture": "#0"},
				"east": {"uv": [12, 6, 13, 14], "texture": "#0"},
				"south": {"uv": [12, 6, 13, 14], "texture": "#0"},
				"west": {"uv": [12, 6, 13, 14], "texture": "#0"},
				"up": {"uv": [13, 6, 12, 7], "rotation": 180, "texture": "#0"},
				"down": {"uv": [12, 13, 13, 14], "texture": "#0"}
			}
		},
		{
			"name": "house_9",
			"from": [2, 6.5, 8.5],
			"to": [3, 8.5, 9.5],
			"rotation": {"angle": 0, "axis": "x", "origin": [8, 0.5, 9]},
			"faces": {
				"north": {"uv": [2, 9, 3, 7], "rotation": 180, "texture": "#0"},
				"east": {"uv": [2, 7, 3, 9], "texture": "#0"},
				"south": {"uv": [2, 7, 3, 9], "texture": "#0"},
				"west": {"uv": [2, 7, 3, 9], "texture": "#0"},
				"up": {"uv": [3, 7, 2, 8], "rotation": 180, "texture": "#0"},
				"down": {"uv": [2, 8, 3, 9], "texture": "#0"}
			}
		},
		{
			"name": "house_10",
			"from": [13, 6.5, 8.5],
			"to": [14, 8.5, 9.5],
			"rotation": {"angle": 0, "axis": "x", "origin": [8, 0.5, 9]},
			"faces": {
				"north": {"uv": [13, 9, 14, 7], "rotation": 180, "texture": "#0"},
				"east": {"uv": [13, 7, 14, 9], "texture": "#0"},
				"south": {"uv": [13, 7, 14, 9], "texture": "#0"},
				"west": {"uv": [13, 7, 14, 9], "texture": "#0"},
				"up": {"uv": [14, 7, 13, 8], "rotation": 180, "texture": "#0"},
				"down": {"uv": [13, 8, 14, 9], "texture": "#0"}
			}
		}
	],
	"gui_light": "front",
	"display": {
		"thirdperson_righthand": {
			"translation": [0, 3, 1],
			"scale": [0.55, 0.55, 0.55]
		},
		"thirdperson_lefthand": {
			"translation": [0, 3, 1],
			"scale": [0.55, 0.55, 0.55]
		},
		"firstperson_righthand": {
			"rotation": [0, -90, 25],
			"translation": [1.13, 3.2, 1.13],
			"scale": [0.68, 0.68, 0.68]
		},
		"firstperson_lefthand": {
			"rotation": [0, -90, 25],
			"translation": [1.13, 3.2, 1.13],
			"scale": [0.68, 0.68, 0.68]
		},
		"ground": {
			"translation": [0, 2, 0],
			"scale": [0.5, 0.5, 0.5]
		},
		"gui": {
			"translation": [0, 0.5, 0]
		},
		"head": {
			"rotation": [0, 180, 0],
			"translation": [0, 13, 7]
		},
		"fixed": {
			"rotation": [0, 180, 0]
		}
	},
	"groups": [
		{
			"name": "house",
			"origin": [8, 8, 8],
			"color": 0,
			"children": [0, 1, 2, 3, 4, 5, 6, 7, 8, 9, 10]
		}
	]
}