{
	"credit": "Made with Blockbench",
	"textures": {
		"0": "~/cit/texture/pickaxe",
		"particle": "~/cit/texture/pickaxe"
	},
	"elements": [
		{
			"name": "pickaxe_0",
			"from": [6, 10.25, 8.25],
			"to": [11, 14.25, 9.25],
			"rotation": {"angle": 0, "axis": "x", "origin": [8, 0.5, 8.75]},
			"faces": {
				"north": {"uv": [6, 6, 11, 2], "rotation": 180, "texture": "#0"},
				"east": {"uv": [10, 2, 11, 6], "texture": "#0"},
				"south": {"uv": [6, 2, 11, 6], "texture": "#0"},
				"west": {"uv": [6, 2, 7, 6], "texture": "#0"},
				"up": {"uv": [11, 2, 6, 3], "rotation": 180, "texture": "#0"},
				"down": {"uv": [6, 5, 11, 6], "texture": "#0"}
			}
		},
		{
			"name": "pickaxe_1",
			"from": [5, 10.25, 8.25],
			"to": [6, 13.25, 9.25],
			"rotation": {"angle": 0, "axis": "x", "origin": [8, 0.5, 8.75]},
			"faces": {
				"north": {"uv": [5, 6, 6, 3], "rotation": 180, "texture": "#0"},
				"east": {"uv": [5, 3, 6, 6], "texture": "#0"},
				"south": {"uv": [5, 3, 6, 6], "texture": "#0"},
				"west": {"uv": [5, 3, 6, 6], "texture": "#0"},
				"up": {"uv": [6, 3, 5, 4], "rotation": 180, "texture": "#0"},
				"down": {"uv": [5, 5, 6, 6], "texture": "#0"}
			}
		},
		{
			"name": "pickaxe_2",
			"from": [11, 4.25, 8.25],
			"to": [12, 13.25, 9.25],
			"rotation": {"angle": 0, "axis": "x", "origin": [8, 0.5, 8.75]},
			"faces": {
				"north": {"uv": [11, 12, 12, 3], "rotation": 180, "texture": "#0"},
				"east": {"uv": [11, 3, 12, 12], "texture": "#0"},
				"south": {"uv": [11, 3, 12, 12], "texture": "#0"},
				"west": {"uv": [11, 3, 12, 12], "texture": "#0"},
				"up": {"uv": [12, 3, 11, 4], "rotation": 180, "texture": "#0"},
				"down": {"uv": [11, 11, 12, 12], "texture": "#0"}
			}
		},
		{
			"name": "pickaxe_3",
			"from": [12, 4.25, 8.25],
			"to": [13, 12.25, 9.25],
			"rotation": {"angle": 0, "axis": "x", "origin": [8, 0.5, 8.75]},
			"faces": {
				"north": {"uv": [12, 12, 13, 4], "rotation": 180, "texture": "#0"},
				"east": {"uv": [12, 4, 13, 12], "texture": "#0"},
				"south": {"uv": [12, 4, 13, 12], "texture": "#0"},
				"west": {"uv": [12, 4, 13, 12], "texture": "#0"},
				"up": {"uv": [13, 4, 12, 5], "rotation": 180, "texture": "#0"},
				"down": {"uv": [12, 11, 13, 12], "texture": "#0"}
			}
		},
		{
			"name": "pickaxe_4",
			"from": [13, 5.25, 8.25],
			"to": [14, 11.25, 9.25],
			"rotation": {"angle": 0, "axis": "x", "origin": [8, 0.5, 8.75]},
			"faces": {
				"north": {"uv": [13, 11, 14, 5], "rotation": 180, "texture": "#0"},
				"east": {"uv": [13, 5, 14, 11], "texture": "#0"},
				"south": {"uv": [13, 5, 14, 11], "texture": "#0"},
				"west": {"uv": [13, 5, 14, 11], "texture": "#0"},
				"up": {"uv": [14, 5, 13, 6], "rotation": 180, "texture": "#0"},
				"down": {"uv": [13, 10, 14, 11], "texture": "#0"}
			}
		},
		{
			"name": "pickaxe_5",
			"from": [8, 7.25, 8.25],
			"to": [11, 10.25, 9.25],
			"rotation": {"angle": 0, "axis": "x", "origin": [8, 0.5, 8.75]},
			"faces": {
				"north": {"uv": [8, 9, 11, 6], "rotation": 180, "texture": "#0"},
				"east": {"uv": [10, 6, 11, 9], "texture": "#0"},
				"south": {"uv": [8, 6, 11, 9], "texture": "#0"},
				"west": {"uv": [8, 6, 9, 9], "texture": "#0"},
				"up": {"uv": [11, 6, 8, 7], "rotation": 180, "texture": "#0"},
				"down": {"uv": [8, 8, 11, 9], "texture": "#0"}
			}
		},
		{
			"name": "pickaxe_6",
			"from": [7, 4.25, 8.25],
			"to": [8, 9.25, 9.25],
			"rotation": {"angle": 0, "axis": "x", "origin": [8, 0.5, 8.75]},
			"faces": {
				"north": {"uv": [7, 12, 8, 7], "rotation": 180, "texture": "#0"},
				"east": {"uv": [7, 7, 8, 12], "texture": "#0"},
				"south": {"uv": [7, 7, 8, 12], "texture": "#0"},
				"west": {"uv": [7, 7, 8, 12], "texture": "#0"},
				"up": {"uv": [8, 7, 7, 8], "rotation": 180, "texture": "#0"},
				"down": {"uv": [7, 11, 8, 12], "texture": "#0"}
			}
		},
		{
			"name": "pickaxe_7",
			"from": [6, 3.25, 8.25],
			"to": [7, 8.25, 9.25],
			"rotation": {"angle": 0, "axis": "x", "origin": [8, 0.5, 8.75]},
			"faces": {
				"north": {"uv": [6, 13, 7, 8], "rotation": 180, "texture": "#0"},
				"east": {"uv": [6, 8, 7, 13], "texture": "#0"},
				"south": {"uv": [6, 8, 7, 13], "texture": "#0"},
				"west": {"uv": [6, 8, 7, 13], "texture": "#0"},
				"up": {"uv": [7, 8, 6, 9], "rotation": 180, "texture": "#0"},
				"down": {"uv": [6, 12, 7, 13], "texture": "#0"}
			}
		},
		{
			"name": "pickaxe_8",
			"from": [5, 2.25, 8.25],
			"to": [6, 7.25, 9.25],
			"rotation": {"angle": 0, "axis": "x", "origin": [8, 0.5, 8.75]},
			"faces": {
				"north": {"uv": [5, 14, 6, 9], "rotation": 180, "texture": "#0"},
				"east": {"uv": [5, 9, 6, 14], "texture": "#0"},
				"south": {"uv": [5, 9, 6, 14], "texture": "#0"},
				"west": {"uv": [5, 9, 6, 14], "texture": "#0"},
				"up": {"uv": [6, 9, 5, 10], "rotation": 180, "texture": "#0"},
				"down": {"uv": [5, 13, 6, 14], "texture": "#0"}
			}
		},
		{
			"name": "pickaxe_9",
			"from": [8, 6.25, 8.25],
			"to": [10, 7.25, 9.25],
			"rotation": {"angle": 0, "axis": "x", "origin": [8, 0.5, 8.75]},
			"faces": {
				"north": {"uv": [8, 10, 10, 9], "rotation": 180, "texture": "#0"},
				"east": {"uv": [9, 9, 10, 10], "texture": "#0"},
				"south": {"uv": [8, 9, 10, 10], "texture": "#0"},
				"west": {"uv": [8, 9, 9, 10], "texture": "#0"},
				"up": {"uv": [10, 9, 8, 10], "rotation": 180, "texture": "#0"},
				"down": {"uv": [8, 9, 10, 10], "texture": "#0"}
			}
		},
		{
			"name": "pickaxe_10",
			"from": [4, 1.25, 8.25],
			"to": [5, 6.25, 9.25],
			"rotation": {"angle": 0, "axis": "x", "origin": [8, 0.5, 8.75]},
			"faces": {
				"north": {"uv": [4, 15, 5, 10], "rotation": 180, "texture": "#0"},
				"east": {"uv": [4, 10, 5, 15], "texture": "#0"},
				"south": {"uv": [4, 10, 5, 15], "texture": "#0"},
				"west": {"uv": [4, 10, 5, 15], "texture": "#0"},
				"up": {"uv": [5, 10, 4, 11], "rotation": 180, "texture": "#0"},
				"down": {"uv": [4, 14, 5, 15], "texture": "#0"}
			}
		},
		{
			"name": "pickaxe_11",
			"from": [8, 5.25, 8.25],
			"to": [9, 6.25, 9.25],
			"rotation": {"angle": 0, "axis": "x", "origin": [8, 0.5, 8.75]},
			"faces": {
				"north": {"uv": [8, 11, 9, 10], "rotation": 180, "texture": "#0"},
				"east": {"uv": [8, 10, 9, 11], "texture": "#0"},
				"south": {"uv": [8, 10, 9, 11], "texture": "#0"},
				"west": {"uv": [8, 10, 9, 11], "texture": "#0"},
				"up": {"uv": [9, 10, 8, 11], "rotation": 180, "texture": "#0"},
				"down": {"uv": [8, 10, 9, 11], "texture": "#0"}
			}
		},
		{
			"name": "pickaxe_12",
			"from": [3, 1.25, 8.25],
			"to": [4, 5.25, 9.25],
			"rotation": {"angle": 0, "axis": "x", "origin": [8, 0.5, 8.75]},
			"faces": {
				"north": {"uv": [3, 15, 4, 11], "rotation": 180, "texture": "#0"},
				"east": {"uv": [3, 11, 4, 15], "texture": "#0"},
				"south": {"uv": [3, 11, 4, 15], "texture": "#0"},
				"west": {"uv": [3, 11, 4, 15], "texture": "#0"},
				"up": {"uv": [4, 11, 3, 12], "rotation": 180, "texture": "#0"},
				"down": {"uv": [3, 14, 4, 15], "texture": "#0"}
			}
		},
		{
			"name": "pickaxe_13",
			"from": [2, 1.25, 8.25],
			"to": [3, 4.25, 9.25],
			"rotation": {"angle": 0, "axis": "x", "origin": [8, 0.5, 8.75]},
			"faces": {
				"north": {"uv": [2, 15, 3, 12], "rotation": 180, "texture": "#0"},
				"east": {"uv": [2, 12, 3, 15], "texture": "#0"},
				"south": {"uv": [2, 12, 3, 15], "texture": "#0"},
				"west": {"uv": [2, 12, 3, 15], "texture": "#0"},
				"up": {"uv": [3, 12, 2, 13], "rotation": 180, "texture": "#0"},
				"down": {"uv": [2, 14, 3, 15], "texture": "#0"}
			}
		}
	],
	"gui_light": "front",
	"display": {
		"thirdperson_righthand": {
			"rotation": [0, -90, 55],
			"translation": [0, 4, 0.5],
			"scale": [0.85, 0.85, 0.85]
		},
		"thirdperson_lefthand": {
			"rotation": [0, 90, -55],
			"translation": [0, 4, 0.5],
			"scale": [0.85, 0.85, 0.85]
		},
		"firstperson_righthand": {
			"rotation": [0, -90, 25],
			"translation": [1.13, 3.2, 1.13],
			"scale": [0.68, 0.68, 0.68]
		},
		"firstperson_lefthand": {
			"rotation": [0, 90, -25],
			"translation": [1.13, 3.2, 1.13],
			"scale": [0.68, 0.68, 0.68]
		}
	},
	"groups": [
		{
			"name": "pickaxe",
			"origin": [8, 8, 8],
			"color": 0,
			"children": [0, 1, 2, 3, 4, 5, 6, 7, 8, 9, 10, 11, 12, 13]
		}
	]
}